INSERT INTO pet_entity (pet_id, user_id, pet_type, pet_name, pet_activity, pet_weight, pet_age, pet_illness, pet_price_range) VALUES
(1, 1, 'Dog', 'Rex', 'Active', 30.0, 7, NULL, 100),
(2, 1, 'Cat', 'Whiskers', 'Inactive', 15.0, 3, NULL, 50),
(3, 2, 'Dog', 'Fido', 'Active', 40.0, 5, 'Arthritis', 150);

INSERT INTO user_entity (user_id, user_role, user_nickname, user_email, user_phone, user_password) VALUES
(1, 'USER', 'JohnD', 'john.doe@example.com', 1234567890, '$2a$10$t1KJ8MwhI.JbrYbBcaxyGOjl0AkU/Zp.5OT0ftUwDlIbpM7TLU3ku'),
(2, 'ADMIN', 'JaneD', 'jane.doe@example.com', 0987654321, '$2a$10$chgE/iwoy8waQgAwexbBV.RLo4gWqLj6MmGGx4sRb1RAf6mxxVZYi'),
(3, 'USER', 'BobS', 'bob.smith@example.com', 1122334455, '$2a$10$WAQCdPcZ/4EHCCeIt.0LB.seMU/9KLMgMjEYpRmwbP9ckxEQ/sTTG');

INSERT INTO food_entity (id, company, age_type, price, weight, calorie, pet_type, img_name) VALUES
(1, 'ACANA GRASSLANDS DOG','Baby', 19.0, 2.0, 381, 'Dog', '/images/DryFood1.png'),
(2, 'ACANA GRASSLANDS DOG','Junior', 19.0, 2.0, 381,'Dog', '/images/DryFood1.png'),
(3, 'ACANA GRASSLANDS DOG','Adult', 19.0, 2.0, 381,'Dog', '/images/DryFood1.png'),
(4, 'ACANA GRASSLANDS DOG','Senior', 19.0, 2.0, 381, 'Dog', '/images/DryFood1.png'),
(5, 'Acana Prairie Poultry','Baby', 19.9, 2.0, 349, 'Dog', '/images/DryFood2s.png'),
(6, 'Acana Prairie Poultry','Junior', 19.9, 2.0, 349, 'Dog', '/images/DryFood2s.png'),
(7, 'Acana Prairie Poultry','Adult', 19.9, 2.0, 349, 'Dog', '/images/DryFood2s.png'),
(8, 'Acana Prairie Poultry','Senior', 19.9, 2.0, 349, 'Dog', '/images/DryFood2s.png'),
(9, 'Acana Baby Recipe','Baby', 23.6, 2, 366, 'Dog', '/images/DryFood3.png'),
(10, 'Acana Sport & Agility','Baby', 68.10, 11.4, 372, 'Dog','/images/DryFood4.png'),
(11, 'Acana Sport & Agility','Junior', 68.10, 11.4, 372, 'Dog', '/images/DryFood4.png'),
(12, 'Acana Sport & Agility','Adult', 68.10, 11.4, 372, 'Dog', '/images/DryFood4.png'),
(13, 'Acana Sport & Agility','Senior', 68.10, 11.4, 372, 'Dog', '/images/DryFood4.png'),
(14, 'Acana Grass-Fed Lamb','Baby', 77.10, 11.4, 339, 'Dog', '/images/DryFood5.png'),
(15, 'Acana Grass-Fed Lamb','Junior', 77.10, 11.4, 339, 'Dog', '/images/DryFood5.png'),
(16, 'Acana Grass-Fed Lamb','Adult', 77.10, 11.4, 339, 'Dog', '/images/DryFood5.png'),
(17, 'Acana Grass-Fed Lamb','Senior', 77.10, 11.4, 339, 'Dog', '/images/DryFood5.png'),
(18, 'Acana Free-Run Duck','Baby', 87.10, 11.4, 339, 'Dog', '/images/DryFood6.png'),
(19, 'Acana Free-Run Duck','Junior', 87.10, 11.4, 339, 'Dog', '/images/DryFood6.png'),
(20, 'Acana Free-Run Duck','Adult', 87.10, 11.4, 339, 'Dog', '/images/DryFood6.png'),
(21, 'Acana Free-Run Duck','Senior', 87.10, 11.4, 339, 'Dog', '/images/DryFood6.png' ),
(22, 'Acana Classics Red Meat','Baby', 24.90, 2, 342.5, 'Dog', '/images/DryFood7ss.png'),
(23, 'Acana Classics Red Meat','Junior', 24.90, 2, 342.5, 'Dog', '/images/DryFood7ss.png'),
(24, 'Acana Classics Red Meat','Adult', 24.90, 2, 342.5, 'Dog', '/images/DryFood7ss.png'),
(25, 'Acana Classics Red Meat','Senior', 24.90, 2, 342.5, 'Dog', '/images/DryFood7ss.png'),
(26, 'Acana Pacifica dog','Baby', 81.0, 11.4, 385, 'Dog', '/images/DryFood8.png'),
(27, 'Acana Pacifica dog','Junior', 81.0, 11.4, 385, 'Dog', '/images/DryFood8.png'),
(28, 'Acana Pacifica dog','Adult', 81.0, 11.4, 385, 'Dog', '/images/DryFood8.png'),
(29, 'Acana Pacifica dog','Senior', 81.0, 11.4, 385, 'Dog', '/images/DryFood8.png'),
(30, 'Acana Wild Prairie dog','Baby', 73.9, 11.4, 385, 'Dog', '/images/DryFood9.png'),
(31, 'Acana Wild Prairie dog','Junior', 73.9, 11.4, 385, 'Dog', '/images/DryFood9.png'),
(32, 'Acana Wild Prairie dog','Adult', 73.9, 11.4, 385, 'Dog', '/images/DryFood9.png'),
(33, 'Acana Wild Prairie dog','Senior', 73.9, 11.4, 385, 'Dog', '/images/DryFood9.png'),
(34, 'Acana Yorkshire Pork','Baby', 75.3, 11.4, 339, 'Dog', '/images/DryFood10.png'),
(35, 'Acana Yorkshire Pork','Junior', 75.3, 11.4, 339, 'Dog', '/images/DryFood10.png'),
(36, 'Acana Yorkshire Pork','Adult', 75.3, 11.4, 339, 'Dog', '/images/DryFood10.png'),
(37, 'Acana Yorkshire Pork','Senior', 75.3, 11.4, 339, 'Dog', '/images/DryFood10.png'),
(38, 'Acana Wild Coast','Baby', 83.10, 14.5, 344.3, 'Dog', '/images/DryFood11.png'),
(39, 'Acana Wild Coast','Junior', 83.10, 14.5, 344.3, 'Dog', '/images/DryFood11.png'),
(40, 'Acana Wild Coast','Adult', 83.10, 14.5, 344.3, 'Dog', '/images/DryFood11.png'),
(41, 'Acana Wild Coast','Senior', 83.10, 14.5, 344.3, 'Dog', '/images/DryFood11.png'),
(42, 'Acana Adult Dog','Adult', 66.10, 11.4, 351, 'Dog', '/images/DryFood12.png'),
(43, 'Acana Light & Fit','Baby', 66.10, 11.4, 307, 'Dog', '/images/DryFood13.png'),
(44, 'Acana Light & Fit','Junior', 66.10, 11.4, 307, 'Dog', '/images/DryFood13.png'),
(45, 'Acana Light & Fit','Adult', 66.10, 11.4, 307, 'Dog', '/images/DryFood13.png'),
(46, 'Acana Light & Fit','Senior', 66.10, 11.4, 307, 'Dog', '/images/DryFood13.png'),
(47, 'Acana Senior Dog','Senior', 66.10, 11.4, 332.5, 'Dog', '/images/DryFood14.png'),
(48, 'Acana Ranchlands Dog', 'Baby' , 86.6, 11.4, 379, 'Dog', '/images/DryFood15.png'),
(49, 'Acana Ranchlands Dog', 'Junior' , 86.6, 11.4, 379, 'Dog', '/images/DryFood15.png'),
(50, 'Acana Ranchlands Dog', 'Adult' , 86.6, 11.4, 379, 'Dog', '/images/DryFood15.png'),
(51, 'Acana Ranchlands Dog', 'Senior' , 86.6, 11.4, 379, 'Dog', '/images/DryFood15.png'),
(52, 'Acana Wild Prairie cat', 'Baby', 48.0, 4.5, 410, 'Cat', '/images/CatDryFood52.png'),
(53, 'Acana Wild Prairie cat', 'Junior', 48.0, 4.5, 410, 'Cat', '/images/CatDryFood52.png'),
(54, 'Acana Wild Prairie cat', 'Adult', 48.0, 4.5, 410, 'Cat', '/images/CatDryFood52.png'),
(55, 'Acana Wild Prairie cat', 'Senior', 48.0, 4.5, 410, 'Cat', '/images/CatDryFood52.png'),
(56, 'Acana Grasslands cat', 'Baby', 50.0, 4.5, 393, 'Cat', '/images/CatDryFood56.png'),
(57, 'Acana Grasslands cat', 'Junior', 50.0, 4.5, 393, 'Cat', '/images/CatDryFood56.png'),
(58, 'Acana Grasslands cat', 'Adult', 50.0, 4.5, 393, 'Cat', '/images/CatDryFood56.png'),
(59, 'Acana Grasslands cat', 'Senior', 50.0, 4.5, 393, 'Cat', '/images/CatDryFood56.png'),
(60, 'Acana Pacifica cat', 'Baby', 52.0, 4.5, 408, 'Cat', '/images/CatDryFood60.png'),
(61, 'Acana Pacifica cat', 'Junior', 52.0, 4.5, 408, 'Cat', '/images/CatDryFood60.png'),
(62, 'Acana Pacifica cat', 'Adult', 52.0, 4.5, 408, 'Cat', '/images/CatDryFood60.png'),
(63, 'Acana Pacifica cat', 'Senior', 52.0, 4.5, 408, 'Cat', '/images/CatDryFood60.png'),
(64, 'Acana Homestead Harvest Cat', 'Adult', 40.0, 4.5, 376, 'Cat', '/images/CatDryFood64.png'),
(65, 'Acana Indoor Entree Cat', 'Adult', 40.0, 4.5, 363, 'Cat', '/images/CatDryFood65.png'),
(66, 'Acana Bountiful Catch Cat', 'Adult', 40.0, 4.5, 380, 'Cat', '/images/CatDryFood66.png'),
(67, 'Acana First Feast Baby', 'Baby', 20.0, 1.8, 385, 'Cat', '/images/CatDryFood67.png'),
(68, 'Acana Ranchlands Cat', 'Baby', 52.0, 5.4, 402, 'Cat', '/images/CatDryFood68.png'),
(69, 'Acana Ranchlands Cat', 'Junior', 52.0, 5.4, 402, 'Cat', '/images/CatDryFood68.png'),
(70, 'Acana Ranchlands Cat', 'Adult', 52.0, 5.4, 402, 'Cat', '/images/CatDryFood68.png'),
(71, 'Acana Ranchlands Cat', 'Senior', 52.0, 5.4, 402, 'Cat', '/images/CatDryFood68.png'),
(72, 'Carnilove Grain Free Dog Adult Venison & Reindeer', 'Adult', 2.84, 0.4, 116, 'Dog', '/images/CannedFood1.png'),
(73, 'Carnilove Grain Free Dog Adult Venison & Reindeer', 'Senior', 2.84, 0.4, 116, 'Dog', '/images/CannedFood2.png'),
(74, 'Carnilove Grain Free Dog Adult Lamb & Wild Boar', 'Adult', 2.84, 0.4, 107.5, 'Dog', '/images/CannedFood3.png'),
(75, 'Carnilove Grain Free Dog Adult Venison & Reindeer', 'Senior', 2.84, 0.4, 107.5, 'Dog', '/images/CannedFood4.png'),
(76, 'Carnilove Grain Free Baby Salmon & Turkey', 'Baby', 2.89, 0.4, 108, 'Dog', '/images/CannedFood5.png'),
(77, 'Carnilove Grain Free Dog Adult Salmon & Turkey', 'Adult', 2.84, 0.4, 108, 'Dog', '/images/CannedFood6.png'),
(78, 'Carnilove Grain Free Dog Adult Salmon & Turkey', 'Senior', 2.84, 0.4, 108, 'Dog', '/images/CannedFood7.png'),
(79, 'Carnilove Grain Free Dog Adult Duck & Pheasant', 'Adult', 2.84, 0.4, 121, 'Dog', '/images/CannedFood8.png'),
(80, 'Carnilove Grain Free Dog Adult Duck & Pheasant', 'Senior', 2.84, 0.4, 121, 'Dog', '/images/CannedFood9.png'),
(81, 'Almo Nature HFC Dog Natural Tuna & Cod', 'Adult', 3.39, 0.290, 76.5, 'Dog', '/images/CannedFood10.png'),
(82, 'Almo Nature HFC Dog Natural Tuna & Chicken', 'Adult', 3.39, 0.290, 93.9, 'Dog', '/images/CannedFood11.png'),
(83, 'Almo Nature HFC Dog Natural Pork', 'Adult', 1.82, 0.400, 76.2, 'Dog', '/images/CannedFood12.png'),
(84, 'Almo Nature Daily Dog Chicken Ham Cheese', 'Adult', 1.48, 0.300, 74.2, 'Dog', '/images/CannedFood13.png'),
(85, 'Brit Care Cat Fillets In Jelly With Salmon', 'Baby', 1.04, 0.85, 84, 'Cat', '/images/CatCannedFood14.png'),
(86, 'Brit Care Cat Fillets In Gravy With Duck', 'Junior', 1.04, 0.85, 84, 'Cat', '/images/CatCannedFood15.png'),
(87, 'Brit Care Cat Fillets In Gravy With Duck', 'Adult', 1.04, 0.85, 84, 'Cat', '/images/CatCannedFood15.png'),
(88, 'Brit Care Cat Fillets In Gravy With Duck', 'Senior', 1.04, 0.85, 84, 'Cat', '/images/CatCannedFood15.png'),
(89, 'Brit Care Cat Fillets In Gravy With Salmon', 'Junior', 1.04, 0.85, 81, 'Cat', '/images/CatCannedFood18.png'),
(90, 'Brit Care Cat Fillets In Gravy With Salmon', 'Adult', 1.04, 0.85, 81, 'Cat', '/images/CatCannedFood18.png'),
(91, 'Brit Care Cat Fillets In Gravy With Salmon', 'Senior', 1.04, 0.85, 81, 'Cat', '/images/CatCannedFood18.png'),
(92, 'Brit Care Cat Fillets In Gravy With Turkey and Shrimps', 'Junior', 2.0, 0.85, 81, 'Cat', '/images/CatCannedFood21.png'),
(93, 'Brit Care Cat Fillets In Gravy With Turkey and Shrimps', 'Adult', 2.0, 0.85, 81, 'Cat', '/images/CatCannedFood21.png'),
(94, 'Brit Care Cat Fillets In Gravy With Turkey and Shrimps', 'Senior', 2.0, 0.85, 81, 'Cat', '/images/CatCannedFood21.png'),
(95, 'Brit Care Cat Fillets In Gravy With Tuna', 'Junior', 1.30, 0.85, 77, 'Cat', '/images/CatCannedFood24.png'),
(96, 'Brit Care Cat Fillets In Gravy With Tuna', 'Adult', 1.30, 0.85, 77, 'Cat', '/images/CatCannedFood24.png'),
(97, 'Brit Care Cat Fillets In Gravy With Tuna', 'Senior', 1.30, 0.85, 77, 'Cat', '/images/CatCannedFood24.png');




INSERT INTO dry_food_entity (dry_id, dry_company, dry_food_age_type, dry_price, dry_weight, dry_calorie, dry_food_pet_type, img_name) VALUES
(1, 'ACANA GRASSLANDS DOG','Baby', 19.0, 2.0, 381, 'Dog', '/images/DryFood1.png'),
(2, 'ACANA GRASSLANDS DOG','Junior', 19.0, 2.0, 381,'Dog', '/images/DryFood1.png'),
(3, 'ACANA GRASSLANDS DOG','Adult', 19.0, 2.0, 381,'Dog', '/images/DryFood1.png'),
(4, 'ACANA GRASSLANDS DOG','Senior', 19.0, 2.0, 381, 'Dog', '/images/DryFood1.png'),
(5, 'Acana Prairie Poultry','Baby', 19.9, 2.0, 349, 'Dog', '/images/DryFood2s.png'),
(6, 'Acana Prairie Poultry','Junior', 19.9, 2.0, 349, 'Dog', '/images/DryFood2s.png'),
(7, 'Acana Prairie Poultry','Adult', 19.9, 2.0, 349, 'Dog', '/images/DryFood2s.png'),
(8, 'Acana Prairie Poultry','Senior', 19.9, 2.0, 349, 'Dog', '/images/DryFood2s.png'),
(9, 'Acana Baby Recipe','Baby', 23.6, 2, 366, 'Dog', '/images/DryFood3.png'),
(10, 'Acana Sport & Agility','Baby', 68.10, 11.4, 372, 'Dog','/images/DryFood4.png'),
(11, 'Acana Sport & Agility','Junior', 68.10, 11.4, 372, 'Dog', '/images/DryFood4.png'),
(12, 'Acana Sport & Agility','Adult', 68.10, 11.4, 372, 'Dog', '/images/DryFood4.png'),
(13, 'Acana Sport & Agility','Senior', 68.10, 11.4, 372, 'Dog', '/images/DryFood4.png'),
(14, 'Acana Grass-Fed Lamb','Baby', 77.10, 11.4, 339, 'Dog', '/images/DryFood5.png'),
(15, 'Acana Grass-Fed Lamb','Junior', 77.10, 11.4, 339, 'Dog', '/images/DryFood5.png'),
(16, 'Acana Grass-Fed Lamb','Adult', 77.10, 11.4, 339, 'Dog', '/images/DryFood5.png'),
(17, 'Acana Grass-Fed Lamb','Senior', 77.10, 11.4, 339, 'Dog', '/images/DryFood5.png'),
(18, 'Acana Free-Run Duck','Baby', 87.10, 11.4, 339, 'Dog', '/images/DryFood6.png'),
(19, 'Acana Free-Run Duck','Junior', 87.10, 11.4, 339, 'Dog', '/images/DryFood6.png'),
(20, 'Acana Free-Run Duck','Adult', 87.10, 11.4, 339, 'Dog', '/images/DryFood6.png'),
(21, 'Acana Free-Run Duck','Senior', 87.10, 11.4, 339, 'Dog', '/images/DryFood6.png' ),
(22, 'Acana Classics Red Meat','Baby', 24.90, 2, 342.5, 'Dog', '/images/DryFood7ss.png'),
(23, 'Acana Classics Red Meat','Junior', 24.90, 2, 342.5, 'Dog', '/images/DryFood7ss.png'),
(24, 'Acana Classics Red Meat','Adult', 24.90, 2, 342.5, 'Dog', '/images/DryFood7ss.png'),
(25, 'Acana Classics Red Meat','Senior', 24.90, 2, 342.5, 'Dog', '/images/DryFood7ss.png'),
(26, 'Acana Pacifica dog','Baby', 81.0, 11.4, 385, 'Dog', '/images/DryFood8.png'),
(27, 'Acana Pacifica dog','Junior', 81.0, 11.4, 385, 'Dog', '/images/DryFood8.png'),
(28, 'Acana Pacifica dog','Adult', 81.0, 11.4, 385, 'Dog', '/images/DryFood8.png'),
(29, 'Acana Pacifica dog','Senior', 81.0, 11.4, 385, 'Dog', '/images/DryFood8.png'),
(30, 'Acana Wild Prairie dog','Baby', 73.9, 11.4, 385, 'Dog', '/images/DryFood9.png'),
(31, 'Acana Wild Prairie dog','Junior', 73.9, 11.4, 385, 'Dog', '/images/DryFood9.png'),
(32, 'Acana Wild Prairie dog','Adult', 73.9, 11.4, 385, 'Dog', '/images/DryFood9.png'),
(33, 'Acana Wild Prairie dog','Senior', 73.9, 11.4, 385, 'Dog', '/images/DryFood9.png'),
(34, 'Acana Yorkshire Pork','Baby', 75.3, 11.4, 339, 'Dog', '/images/DryFood10.png'),
(35, 'Acana Yorkshire Pork','Junior', 75.3, 11.4, 339, 'Dog', '/images/DryFood10.png'),
(36, 'Acana Yorkshire Pork','Adult', 75.3, 11.4, 339, 'Dog', '/images/DryFood10.png'),
(37, 'Acana Yorkshire Pork','Senior', 75.3, 11.4, 339, 'Dog', '/images/DryFood10.png'),
(38, 'Acana Wild Coast','Baby', 83.10, 14.5, 344.3, 'Dog', '/images/DryFood11.png'),
(39, 'Acana Wild Coast','Junior', 83.10, 14.5, 344.3, 'Dog', '/images/DryFood11.png'),
(40, 'Acana Wild Coast','Adult', 83.10, 14.5, 344.3, 'Dog', '/images/DryFood11.png'),
(41, 'Acana Wild Coast','Senior', 83.10, 14.5, 344.3, 'Dog', '/images/DryFood11.png'),
(42, 'Acana Adult Dog','Adult', 66.10, 11.4, 351, 'Dog', '/images/DryFood12.png'),
(43, 'Acana Light & Fit','Baby', 66.10, 11.4, 307, 'Dog', '/images/DryFood13.png'),
(44, 'Acana Light & Fit','Junior', 66.10, 11.4, 307, 'Dog', '/images/DryFood13.png'),
(45, 'Acana Light & Fit','Adult', 66.10, 11.4, 307, 'Dog', '/images/DryFood13.png'),
(46, 'Acana Light & Fit','Senior', 66.10, 11.4, 307, 'Dog', '/images/DryFood13.png'),
(47, 'Acana Senior Dog','Senior', 66.10, 11.4, 332.5, 'Dog', '/images/DryFood14.png'),
(48, 'Acana Ranchlands Dog', 'Baby' , 86.6, 11.4, 379, 'Dog', '/images/DryFood15.png'),
(49, 'Acana Ranchlands Dog', 'Junior' , 86.6, 11.4, 379, 'Dog', '/images/DryFood15.png'),
(50, 'Acana Ranchlands Dog', 'Adult' , 86.6, 11.4, 379, 'Dog', '/images/DryFood15.png'),
(51, 'Acana Ranchlands Dog', 'Senior' , 86.6, 11.4, 379, 'Dog', '/images/DryFood15.png'),
(52, 'Acana Wild Prairie cat', 'Baby', 48.0, 4.5, 410, 'Cat', '/images/CatDryFood52.png'),
(53, 'Acana Wild Prairie cat', 'Junior', 48.0, 4.5, 410, 'Cat', '/images/CatDryFood52.png'),
(54, 'Acana Wild Prairie cat', 'Adult', 48.0, 4.5, 410, 'Cat', '/images/CatDryFood52.png'),
(55, 'Acana Wild Prairie cat', 'Senior', 48.0, 4.5, 410, 'Cat', '/images/CatDryFood52.png'),
(56, 'Acana Grasslands cat', 'Baby', 50.0, 4.5, 393, 'Cat', '/images/CatDryFood56.png'),
(57, 'Acana Grasslands cat', 'Junior', 50.0, 4.5, 393, 'Cat', '/images/CatDryFood56.png'),
(58, 'Acana Grasslands cat', 'Adult', 50.0, 4.5, 393, 'Cat', '/images/CatDryFood56.png'),
(59, 'Acana Grasslands cat', 'Senior', 50.0, 4.5, 393, 'Cat', '/images/CatDryFood56.png'),
(60, 'Acana Pacifica cat', 'Baby', 52.0, 4.5, 408, 'Cat', '/images/CatDryFood60.png'),
(61, 'Acana Pacifica cat', 'Junior', 52.0, 4.5, 408, 'Cat', '/images/CatDryFood60.png'),
(62, 'Acana Pacifica cat', 'Adult', 52.0, 4.5, 408, 'Cat', '/images/CatDryFood60.png'),
(63, 'Acana Pacifica cat', 'Senior', 52.0, 4.5, 408, 'Cat', '/images/CatDryFood60.png'),
(64, 'Acana Homestead Harvest Cat', 'Adult', 40.0, 4.5, 376, 'Cat', '/images/CatDryFood64.png'),
(65, 'Acana Indoor Entree Cat', 'Adult', 40.0, 4.5, 363, 'Cat', '/images/CatDryFood65.png'),
(66, 'Acana Bountiful Catch Cat', 'Adult', 40.0, 4.5, 380, 'Cat', '/images/CatDryFood66.png'),
(67, 'Acana First Feast Baby', 'Baby', 20.0, 1.8, 385, 'Cat', '/images/CatDryFood67.png'),
(68, 'Acana Ranchlands Cat', 'Baby', 52.0, 5.4, 402, 'Cat', '/images/CatDryFood68.png'),
(69, 'Acana Ranchlands Cat', 'Junior', 52.0, 5.4, 402, 'Cat', '/images/CatDryFood68.png'),
(70, 'Acana Ranchlands Cat', 'Adult', 52.0, 5.4, 402, 'Cat', '/images/CatDryFood68.png'),
(71, 'Acana Ranchlands Cat', 'Senior', 52.0, 5.4, 402, 'Cat', '/images/CatDryFood68.png');

INSERT INTO canned_food_entity (canned_id, canned_company, canned_food_age_type, canned_price, canned_weight, canned_calorie, canned_food_pet_type, image_name) VALUES
(1, 'Carnilove Grain Free Dog Adult Venison & Reindeer', 'Adult', 2.84, 0.4, 116, 'Dog', '/images/CannedFood1.png'),
(2, 'Carnilove Grain Free Dog Adult Venison & Reindeer', 'Senior', 2.84, 0.4, 116, 'Dog', '/images/CannedFood2.png'),
(3, 'Carnilove Grain Free Dog Adult Lamb & Wild Boar', 'Adult', 2.84, 0.4, 107.5, 'Dog', '/images/CannedFood3.png'),
(4, 'Carnilove Grain Free Dog Adult Venison & Reindeer', 'Senior', 2.84, 0.4, 107.5, 'Dog', '/images/CannedFood4.png'),
(5, 'Carnilove Grain Free Baby Salmon & Turkey', 'Baby', 2.89, 0.4, 108, 'Dog', '/images/CannedFood5.png'),
(6, 'Carnilove Grain Free Dog Adult Salmon & Turkey', 'Adult', 2.84, 0.4, 108, 'Dog', '/images/CannedFood6.png'),
(7, 'Carnilove Grain Free Dog Adult Salmon & Turkey', 'Senior', 2.84, 0.4, 108, 'Dog', '/images/CannedFood7.png'),
(8, 'Carnilove Grain Free Dog Adult Duck & Pheasant', 'Adult', 2.84, 0.4, 121, 'Dog', '/images/CannedFood8.png'),
(9, 'Carnilove Grain Free Dog Adult Duck & Pheasant', 'Senior', 2.84, 0.4, 121, 'Dog', '/images/CannedFood9.png'),
(10, 'Almo Nature HFC Dog Natural Tuna & Cod', 'Adult', 3.39, 0.290, 76.5, 'Dog', '/images/CannedFood10.png'),
(11, 'Almo Nature HFC Dog Natural Tuna & Chicken', 'Adult', 3.39, 0.290, 93.9, 'Dog', '/images/CannedFood11.png'),
(12, 'Almo Nature HFC Dog Natural Pork', 'Adult', 1.82, 0.400, 76.2, 'Dog', '/images/CannedFood12.png'),
(13, 'Almo Nature Daily Dog Chicken Ham Cheese', 'Adult', 1.48, 0.300, 74.2, 'Dog', '/images/CannedFood13.png'),
(14, 'Brit Care Cat Fillets In Jelly With Salmon', 'Baby', 1.04, 0.85, 84, 'Cat', '/images/CatCannedFood14.png'),
(15, 'Brit Care Cat Fillets In Gravy With Duck', 'Junior', 1.04, 0.85, 84, 'Cat', '/images/CatCannedFood15.png'),
(16, 'Brit Care Cat Fillets In Gravy With Duck', 'Adult', 1.04, 0.85, 84, 'Cat', '/images/CatCannedFood15.png'),
(17, 'Brit Care Cat Fillets In Gravy With Duck', 'Senior', 1.04, 0.85, 84, 'Cat', '/images/CatCannedFood15.png'),
(18, 'Brit Care Cat Fillets In Gravy With Salmon', 'Junior', 1.04, 0.85, 81, 'Cat', '/images/CatCannedFood18.png'),
(19, 'Brit Care Cat Fillets In Gravy With Salmon', 'Adult', 1.04, 0.85, 81, 'Cat', '/images/CatCannedFood18.png'),
(20, 'Brit Care Cat Fillets In Gravy With Salmon', 'Senior', 1.04, 0.85, 81, 'Cat', '/images/CatCannedFood18.png'),
(21, 'Brit Care Cat Fillets In Gravy With Turkey and Shrimps', 'Junior', 2.0, 0.85, 81, 'Cat', '/images/CatCannedFood21.png'),
(22, 'Brit Care Cat Fillets In Gravy With Turkey and Shrimps', 'Adult', 2.0, 0.85, 81, 'Cat', '/images/CatCannedFood21.png'),
(23, 'Brit Care Cat Fillets In Gravy With Turkey and Shrimps', 'Senior', 2.0, 0.85, 81, 'Cat', '/images/CatCannedFood21.png'),
(24, 'Brit Care Cat Fillets In Gravy With Tuna', 'Junior', 1.30, 0.85, 77, 'Cat', '/images/CatCannedFood24.png'),
(25, 'Brit Care Cat Fillets In Gravy With Tuna', 'Adult', 1.30, 0.85, 77, 'Cat', '/images/CatCannedFood24.png'),
(26, 'Brit Care Cat Fillets In Gravy With Tuna', 'Senior', 1.30, 0.85, 77, 'Cat', '/images/CatCannedFood24.png');



INSERT INTO canned_food_ingredients_entity (ingredient_id, canned_id, ingredient_name) VALUES
(8, 1, 'Deer'),
(8, 2, 'Deer'),
(1, 3, 'Lamb'),
(1, 4, 'Lamb'),
(9, 3, 'Wild Boar'),
(9, 4, 'Wild Boar'),
(10, 5, 'Salmon'),
(10, 14, 'Salmon'),
(7, 5, 'Turkey'),
(10, 6, 'Salmon'),
(10, 18, 'Salmon'),
(10, 19, 'Salmon'),
(10, 20, 'Salmon'),
(7, 7, 'Turkey'),
(7, 21, 'Turkey'),
(7, 22, 'Turkey'),
(7, 23, 'Turkey'),
(3, 8, 'Duck'),
(3, 15, 'Duck'),
(3, 16, 'Duck'),
(3, 17, 'Duck'),
(11, 9, 'Pheasant'),
(12, 10, 'Tuna'),
(12, 24, 'Tuna'),
(12, 25, 'Tuna'),
(12, 26, 'Tuna'),
(13, 10, 'Cod'),
(12, 11, 'Tuna'),
(2, 11, 'Chicken'),
(4, 12, 'Pork'),
(2, 13, 'Chicken'),
(4, 13, 'Pork'),
(14, 13, 'Cheese'),
(15,21, 'Shrimp'),
(15,22, 'Shrimp'),
(15,23, 'Shrimp');

INSERT INTO food_ingredients_entity (ingredient_id, id, ingredient_name) VALUES
(1, 1, 'Lamb'),
(1, 2, 'Lamb'),
(1, 3, 'Lamb'),
(1, 4, 'Lamb'),
(1, 17, 'Lamb'),
(1, 22, 'Lamb'),
(1, 23, 'Lamb'),
(1, 24, 'Lamb'),
(1, 25, 'Lamb'),
(1, 48, 'Lamb'),
(1, 49, 'Lamb'),
(1, 50, 'Lamb'),
(1, 51, 'Lamb'),
(1, 68, 'Lamb'),
(1, 69, 'Lamb'),
(1, 70, 'Lamb'),
(1, 71, 'Lamb'),
(2, 5, 'Chicken'),
(2, 6, 'Chicken'),
(2, 7, 'Chicken'),
(2, 8, 'Chicken'),
(2, 9, 'Chicken'),
(2, 10, 'Chicken'),
(2, 11, 'Chicken'),
(2, 12, 'Chicken'),
(2, 13, 'Chicken'),
(2, 14, 'Chicken'),
(2, 15, 'Chicken'),
(2, 16, 'Chicken'),
(2, 42, 'Chicken'),
(2, 43, 'Chicken'),
(2, 44, 'Chicken'),
(2, 45, 'Chicken'),
(2, 46, 'Chicken'),
(2, 47, 'Chicken'),
(2, 52, 'Chicken'),
(2, 53, 'Chicken'),
(2, 54, 'Chicken'),
(2, 55, 'Chicken'),
(2, 56, 'Chicken'),
(2, 57, 'Chicken'),
(2, 58, 'Chicken'),
(2, 59, 'Chicken'),
(2, 64, 'Chicken'),
(2, 65, 'Chicken'),
(2, 67, 'Chicken'),
(3, 18, 'Duck'),
(3, 19, 'Duck'),
(3, 20, 'Duck'),
(3, 21, 'Duck'),
(3, 1, 'Duck'),
(3, 2, 'Duck'),
(3, 3, 'Duck'),
(3, 4, 'Duck'),
(3, 56, 'Duck'),
(3, 57, 'Duck'),
(3, 58, 'Duck'),
(3, 59, 'Duck'),
(4, 22, 'Pork'),
(4, 23, 'Pork'),
(4, 24, 'Pork'),
(4, 25, 'Pork'),
(4, 34, 'Pork'),
(4, 35, 'Pork'),
(4, 36, 'Pork'),
(4, 37, 'Pork'),
(4, 48, 'Pork'),
(4, 49, 'Pork'),
(4, 50, 'Pork'),
(4, 51, 'Pork'),
(4, 68, 'Pork'),
(4, 69, 'Pork'),
(4, 70, 'Pork'),
(4, 71, 'Pork'),
(5, 22, 'Beef'),
(5, 23, 'Beef'),
(5, 24, 'Beef'),
(5, 25, 'Beef'),
(5, 48, 'Beef'),
(5, 49, 'Beef'),
(5, 50, 'Beef'),
(5, 51, 'Beef'),
(5, 68, 'Beef'),
(5, 69, 'Beef'),
(5, 70, 'Beef'),
(5, 71, 'Beef'),
(6, 26, 'Fish'),
(6, 27, 'Fish'),
(6, 28, 'Fish'),
(6, 29, 'Fish'),
(6, 30, 'Fish'),
(6, 31, 'Fish'),
(6, 32, 'Fish'),
(6, 33, 'Fish'),
(6, 38, 'Fish'),
(6, 39, 'Fish'),
(6, 40, 'Fish'),
(6, 41, 'Fish'),
(6, 60, 'Fish'),
(6, 61, 'Fish'),
(6, 62, 'Fish'),
(6, 63, 'Fish'),
(6, 65, 'Fish'),
(6, 66, 'Fish'),
(6, 67, 'Fish'),
(7, 30, 'Turkey'),
(7, 31, 'Turkey'),
(7, 32, 'Turkey'),
(7, 33, 'Turkey'),
(7, 42, 'Turkey'),
(7, 52, 'Turkey'),
(7, 53, 'Turkey'),
(7, 54, 'Turkey'),
(7, 55, 'Turkey'),
(7, 65, 'Turkey'),
(8, 72, 'Deer'),
(8, 73, 'Deer'),
(1, 74, 'Lamb'),
(1, 75, 'Lamb'),
(9, 74, 'Wild Boar'),
(9, 75, 'Wild Boar'),
(10, 76, 'Salmon'),
(10, 85, 'Salmon'),
(7, 76, 'Turkey'),
(10, 77, 'Salmon'),
(10, 89, 'Salmon'),
(10, 90, 'Salmon'),
(10, 91, 'Salmon'),
(7, 78, 'Turkey'),
(7, 92, 'Turkey'),
(7, 93, 'Turkey'),
(7, 94, 'Turkey'),
(3, 79, 'Duck'),
(3, 86, 'Duck'),
(3, 87, 'Duck'),
(3, 88, 'Duck'),
(11, 80, 'Pheasant'),
(12, 81, 'Tuna'),
(12, 95, 'Tuna'),
(12, 96, 'Tuna'),
(12, 97, 'Tuna'),
(13, 81, 'Cod'),
(12, 82, 'Tuna'),
(2, 82, 'Chicken'),
(4, 83, 'Pork'),
(2, 84, 'Chicken'),
(4, 84, 'Pork'),
(14, 84, 'Cheese'),
(15,92, 'Shrimp'),
(15,93, 'Shrimp'),
(15,94, 'Shrimp');

INSERT INTO dry_food_ingredients_entity (ingredient_id, dry_id, ingredient_name) VALUES
(1, 1, 'Lamb'),
(1, 2, 'Lamb'),
(1, 3, 'Lamb'),
(1, 4, 'Lamb'),
(1, 17, 'Lamb'),
(1, 22, 'Lamb'),
(1, 23, 'Lamb'),
(1, 24, 'Lamb'),
(1, 25, 'Lamb'),
(1, 48, 'Lamb'),
(1, 49, 'Lamb'),
(1, 50, 'Lamb'),
(1, 51, 'Lamb'),
(1, 68, 'Lamb'),
(1, 69, 'Lamb'),
(1, 70, 'Lamb'),
(1, 71, 'Lamb'),
(2, 5, 'Chicken'),
(2, 6, 'Chicken'),
(2, 7, 'Chicken'),
(2, 8, 'Chicken'),
(2, 9, 'Chicken'),
(2, 10, 'Chicken'),
(2, 11, 'Chicken'),
(2, 12, 'Chicken'),
(2, 13, 'Chicken'),
(2, 14, 'Chicken'),
(2, 15, 'Chicken'),
(2, 16, 'Chicken'),
(2, 42, 'Chicken'),
(2, 43, 'Chicken'),
(2, 44, 'Chicken'),
(2, 45, 'Chicken'),
(2, 46, 'Chicken'),
(2, 47, 'Chicken'),
(2, 52, 'Chicken'),
(2, 53, 'Chicken'),
(2, 54, 'Chicken'),
(2, 55, 'Chicken'),
(2, 56, 'Chicken'),
(2, 57, 'Chicken'),
(2, 58, 'Chicken'),
(2, 59, 'Chicken'),
(2, 64, 'Chicken'),
(2, 65, 'Chicken'),
(2, 67, 'Chicken'),
(3, 18, 'Duck'),
(3, 19, 'Duck'),
(3, 20, 'Duck'),
(3, 21, 'Duck'),
(3, 1, 'Duck'),
(3, 2, 'Duck'),
(3, 3, 'Duck'),
(3, 4, 'Duck'),
(3, 56, 'Duck'),
(3, 57, 'Duck'),
(3, 58, 'Duck'),
(3, 59, 'Duck'),
(4, 22, 'Pork'),
(4, 23, 'Pork'),
(4, 24, 'Pork'),
(4, 25, 'Pork'),
(4, 34, 'Pork'),
(4, 35, 'Pork'),
(4, 36, 'Pork'),
(4, 37, 'Pork'),
(4, 48, 'Pork'),
(4, 49, 'Pork'),
(4, 50, 'Pork'),
(4, 51, 'Pork'),
(4, 68, 'Pork'),
(4, 69, 'Pork'),
(4, 70, 'Pork'),
(4, 71, 'Pork'),
(5, 22, 'Beef'),
(5, 23, 'Beef'),
(5, 24, 'Beef'),
(5, 25, 'Beef'),
(5, 48, 'Beef'),
(5, 49, 'Beef'),
(5, 50, 'Beef'),
(5, 51, 'Beef'),
(5, 68, 'Beef'),
(5, 69, 'Beef'),
(5, 70, 'Beef'),
(5, 71, 'Beef'),
(6, 26, 'Fish'),
(6, 27, 'Fish'),
(6, 28, 'Fish'),
(6, 29, 'Fish'),
(6, 30, 'Fish'),
(6, 31, 'Fish'),
(6, 32, 'Fish'),
(6, 33, 'Fish'),
(6, 38, 'Fish'),
(6, 39, 'Fish'),
(6, 40, 'Fish'),
(6, 41, 'Fish'),
(6, 60, 'Fish'),
(6, 61, 'Fish'),
(6, 62, 'Fish'),
(6, 63, 'Fish'),
(6, 65, 'Fish'),
(6, 66, 'Fish'),
(6, 67, 'Fish'),
(7, 30, 'Turkey'),
(7, 31, 'Turkey'),
(7, 32, 'Turkey'),
(7, 33, 'Turkey'),
(7, 42, 'Turkey'),
(7, 52, 'Turkey'),
(7, 53, 'Turkey'),
(7, 54, 'Turkey'),
(7, 55, 'Turkey'),
(7, 65, 'Turkey');

INSERT INTO allergic_foods_entity (allergic_id, ingredient_id, allergic_name) VALUES

(1, 1, 'Lamb'),
(2, 2, 'Chicken'),
(3, 3, 'Duck'),
(4, 4, 'Pork'),
(5, 5, 'Beef'),
(6, 6, 'Fish'),
(7, 7, 'Turkey'),
(8, 8, 'Deer'),
(9, 9, 'Wild Boar'),
(10, 10, 'Salmon'),
(11, 10, 'Pheasant'),
(12, 12, 'Tuna'),
(13, 13, 'Cod'),
(14, 14, 'Cheese'),
(15, 15, 'Shrimp');